d,x,y,mu_norm,n_obs,true_density,LogConcDEAD_density,logcondens_density,mean_loglik_true_dens,mean_loglik_LogConcDEAD,mean_loglik_logcondens,sim
1,-7,,0,50,9.13472040836458e-12,0,0,-1.47456658001135,-1.40627082393099,-1.40626998027982,7
1,-6.95,,0,50,1.29465919383192e-11,0,0,-1.47456658001135,-1.40627082393099,-1.40626998027982,7
1,-6.9,,0,50,1.83033221701557e-11,0,0,-1.47456658001135,-1.40627082393099,-1.40626998027982,7
1,-6.85,,0,50,2.58118214499867e-11,0,0,-1.47456658001135,-1.40627082393099,-1.40626998027982,7
1,-6.8,,0,50,3.6309615017918e-11,0,0,-1.47456658001135,-1.40627082393099,-1.40626998027982,7
1,-6.75,,0,50,5.09493795884368e-11,0,0,-1.47456658001135,-1.40627082393099,-1.40626998027982,7
1,-6.7,,0,50,7.13132812399607e-11,0,0,-1.47456658001135,-1.40627082393099,-1.40626998027982,7
1,-6.65,,0,50,9.95671790549699e-11,0,0,-1.47456658001135,-1.40627082393099,-1.40626998027982,7
1,-6.6,,0,50,1.38667999416532e-10,0,0,-1.47456658001135,-1.40627082393099,-1.40626998027982,7
1,-6.55,,0,50,1.92641814793591e-10,0,0,-1.47456658001135,-1.40627082393099,-1.40626998027982,7
1,-6.5,,0,50,2.66955661476285e-10,0,0,-1.47456658001135,-1.40627082393099,-1.40626998027982,7
1,-6.45,,0,50,3.69013261612456e-10,0,0,-1.47456658001135,-1.40627082393099,-1.40626998027982,7
1,-6.4,,0,50,5.08814028164503e-10,0,0,-1.47456658001135,-1.40627082393099,-1.40626998027982,7
1,-6.35,,0,50,6.9982659485798e-10,0,0,-1.47456658001135,-1.40627082393099,-1.40626998027982,7
1,-6.3,,0,50,9.60143337031232e-10,0,0,-1.47456658001135,-1.40627082393099,-1.40626998027982,7
1,-6.25,,0,50,1.31400181815588e-09,0,0,-1.47456658001135,-1.40627082393099,-1.40626998027982,7
1,-6.2,,0,50,1.79378390796408e-09,0,0,-1.47456658001135,-1.40627082393099,-1.40626998027982,7
1,-6.15,,0,50,2.44263482680704e-09,0,0,-1.47456658001135,-1.40627082393099,-1.40626998027982,7
1,-6.1,,0,50,3.3178842435473e-09,0,0,-1.47456658001135,-1.40627082393099,-1.40626998027982,7
1,-6.05,,0,50,4.49550183101324e-09,0,0,-1.47456658001135,-1.40627082393099,-1.40626998027982,7
1,-6,,0,50,6.07588284982328e-09,0,0,-1.47456658001135,-1.40627082393099,-1.40626998027982,7
1,-5.95,,0,50,8.19133840347916e-09,0,0,-1.47456658001135,-1.40627082393099,-1.40626998027982,7
1,-5.9,,0,50,1.10157636246823e-08,0,0,-1.47456658001135,-1.40627082393099,-1.40626998027982,7
1,-5.85,,0,50,1.477707958648e-08,0,0,-1.47456658001135,-1.40627082393099,-1.40626998027982,7
1,-5.8,,0,50,1.97731964062446e-08,0,0,-1.47456658001135,-1.40627082393099,-1.40626998027982,7
1,-5.75,,0,50,2.63924320357057e-08,0,0,-1.47456658001135,-1.40627082393099,-1.40626998027982,7
1,-5.7,,0,50,3.51395509482043e-08,0,0,-1.47456658001135,-1.40627082393099,-1.40626998027982,7
1,-5.65,,0,50,4.66688679759426e-08,0,0,-1.47456658001135,-1.40627082393099,-1.40626998027982,7
1,-5.6,,0,50,6.18262050016586e-08,0,0,-1.47456658001135,-1.40627082393099,-1.40626998027982,7
1,-5.55,,0,50,8.17019037854322e-08,0,0,-1.47456658001135,-1.40627082393099,-1.40626998027982,7
1,-5.5,,0,50,1.07697600425433e-07,0,0,-1.47456658001135,-1.40627082393099,-1.40626998027982,7
1,-5.45,,0,50,1.41610071301612e-07,0,0,-1.47456658001135,-1.40627082393099,-1.40626998027982,7
1,-5.4,,0,50,1.85736184455529e-07,0,0,-1.47456658001135,-1.40627082393099,-1.40626998027982,7
1,-5.35,,0,50,2.43003854108054e-07,0,0,-1.47456658001135,-1.40627082393099,-1.40626998027982,7
1,-5.3,,0,50,3.17134921671598e-07,0,0,-1.47456658001135,-1.40627082393099,-1.40626998027982,7
1,-5.25,,0,50,4.12847098863e-07,0,0,-1.47456658001135,-1.40627082393099,-1.40626998027982,7
1,-5.2,,0,50,5.36103534469762e-07,0,0,-1.47456658001135,-1.40627082393099,-1.40626998027982,7
1,-5.15,,0,50,6.94420235385534e-07,0,0,-1.47456658001135,-1.40627082393099,-1.40626998027982,7
1,-5.1,,0,50,8.97243516238334e-07,0,0,-1.47456658001135,-1.40627082393099,-1.40626998027982,7
1,-5.05,,0,50,1.15641190357978e-06,0,0,-1.47456658001135,-1.40627082393099,-1.40626998027982,7
1,-5,,0,50,1.4867195147343e-06,0,0,-1.47456658001135,-1.40627082393099,-1.40626998027982,7
1,-4.95,,0,50,1.90660090312282e-06,0,0,-1.47456658001135,-1.40627082393099,-1.40626998027982,7
1,-4.9,,0,50,2.43896074589335e-06,0,0,-1.47456658001135,-1.40627082393099,-1.40626998027982,7
1,-4.85,,0,50,3.11217557914895e-06,0,0,-1.47456658001135,-1.40627082393099,-1.40626998027982,7
1,-4.8,,0,50,3.96129909103208e-06,0,0,-1.47456658001135,-1.40627082393099,-1.40626998027982,7
1,-4.75,,0,50,5.02950728859245e-06,0,0,-1.47456658001135,-1.40627082393099,-1.40626998027982,7
1,-4.7,,0,50,6.36982517886713e-06,0,0,-1.47456658001135,-1.40627082393099,-1.40626998027982,7
1,-4.65,,0,50,8.0471824564923e-06,0,0,-1.47456658001135,-1.40627082393099,-1.40626998027982,7
1,-4.6,,0,50,1.01408520654868e-05,0,0,-1.47456658001135,-1.40627082393099,-1.40626998027982,7
1,-4.55,,0,50,1.27473323818335e-05,0,0,-1.47456658001135,-1.40627082393099,-1.40626998027982,7
1,-4.5,,0,50,1.59837411069055e-05,0,0,-1.47456658001135,-1.40627082393099,-1.40626998027982,7
1,-4.45,,0,50,1.99917967069229e-05,0,0,-1.47456658001135,-1.40627082393099,-1.40626998027982,7
1,-4.4,,0,50,2.49424712900535e-05,0,0,-1.47456658001135,-1.40627082393099,-1.40626998027982,7
1,-4.35,,0,50,3.10414070578503e-05,0,0,-1.47456658001135,-1.40627082393099,-1.40626998027982,7
1,-4.3,,0,50,3.85351967420872e-05,0,0,-1.47456658001135,-1.40627082393099,-1.40626998027982,7
1,-4.25,,0,50,4.7718636541205e-05,0,0,-1.47456658001135,-1.40627082393099,-1.40626998027982,7
1,-4.2,,0,50,5.89430677565401e-05,0,0,-1.47456658001135,-1.40627082393099,-1.40626998027982,7
1,-4.15,,0,50,7.26259303022524e-05,0,0,-1.47456658001135,-1.40627082393099,-1.40626998027982,7
1,-4.1,,0,50,8.9261657177133e-05,0,0,-1.47456658001135,-1.40627082393099,-1.40626998027982,7
1,-4.05,,0,50,0.000109434043439801,0,0,-1.47456658001135,-1.40627082393099,-1.40626998027982,7
1,-4,,0,50,0.000133830225764885,0,0,-1.47456658001135,-1.40627082393099,-1.40626998027982,7
1,-3.95,,0,50,0.000163256408766242,0,0,-1.47456658001135,-1.40627082393099,-1.40626998027982,7
1,-3.9,,0,50,0.000198655471392773,0,0,-1.47456658001135,-1.40627082393099,-1.40626998027982,7
1,-3.85,,0,50,0.000241126580225994,0,0,-1.47456658001135,-1.40627082393099,-1.40626998027982,7
1,-3.8,,0,50,0.00029194692579146,0,0,-1.47456658001135,-1.40627082393099,-1.40626998027982,7
1,-3.75,,0,50,0.000352595682367446,0,0,-1.47456658001135,-1.40627082393099,-1.40626998027982,7
1,-3.7,,0,50,0.000424780270550752,0,0,-1.47456658001135,-1.40627082393099,-1.40626998027982,7
1,-3.65,,0,50,0.000510464974344185,0,0,-1.47456658001135,-1.40627082393099,-1.40626998027982,7
1,-3.6,,0,50,0.000611901930113773,0,0,-1.47456658001135,-1.40627082393099,-1.40626998027982,7
1,-3.55,,0,50,0.000731664462830311,0,0,-1.47456658001135,-1.40627082393099,-1.40626998027982,7
1,-3.5,,0,50,0.000872682695045761,0,0,-1.47456658001135,-1.40627082393099,-1.40626998027982,7
1,-3.45,,0,50,0.00103828129566141,0,0,-1.47456658001135,-1.40627082393099,-1.40626998027982,7
1,-3.4,,0,50,0.00123221916847302,0,0,-1.47456658001135,-1.40627082393099,-1.40626998027982,7
1,-3.35,,0,50,0.00145873080466675,0,0,-1.47456658001135,-1.40627082393099,-1.40626998027982,7
1,-3.3,,0,50,0.00172256893905368,0,0,-1.47456658001135,-1.40627082393099,-1.40626998027982,7
1,-3.25,,0,50,0.00202904805729977,0,0,-1.47456658001135,-1.40627082393099,-1.40626998027982,7
1,-3.2,,0,50,0.00238408820146485,0,0,-1.47456658001135,-1.40627082393099,-1.40626998027982,7
1,-3.15,,0,50,0.00279425841487945,0,0,-1.47456658001135,-1.40627082393099,-1.40626998027982,7
1,-3.1,,0,50,0.00326681905619992,0,0,-1.47456658001135,-1.40627082393099,-1.40626998027982,7
1,-3.05,,0,50,0.00380976209822181,0,0,-1.47456658001135,-1.40627082393099,-1.40626998027982,7
1,-3,,0,50,0.00443184841193801,0,0,-1.47456658001135,-1.40627082393099,-1.40626998027982,7
1,-2.95,,0,50,0.00514264092305394,0,0,-1.47456658001135,-1.40627082393099,-1.40626998027982,7
1,-2.9,,0,50,0.00595253241977587,0,0,-1.47456658001135,-1.40627082393099,-1.40626998027982,7
1,-2.85,,0,50,0.00687276669061398,0,0,-1.47456658001135,-1.40627082393099,-1.40626998027982,7
1,-2.8,,0,50,0.00791545158297997,0,0,-1.47456658001135,-1.40627082393099,-1.40626998027982,7
1,-2.75,,0,50,0.00909356250159106,0,0,-1.47456658001135,-1.40627082393099,-1.40626998027982,7
1,-2.7,,0,50,0.0104209348144226,0,0,-1.47456658001135,-1.40627082393099,-1.40626998027982,7
1,-2.65,,0,50,0.0119122436076052,0,0,-1.47456658001135,-1.40627082393099,-1.40626998027982,7
1,-2.6,,0,50,0.0135829692336856,0,0,-1.47456658001135,-1.40627082393099,-1.40626998027982,7
1,-2.55,,0,50,0.0154493471343952,0,0,-1.47456658001135,-1.40627082393099,-1.40626998027982,7
1,-2.5,,0,50,0.0175283004935685,0,0,-1.47456658001135,-1.40627082393099,-1.40626998027982,7
1,-2.45,,0,50,0.0198373543917953,0,0,-1.47456658001135,-1.40627082393099,-1.40626998027982,7
1,-2.4,,0,50,0.0223945302948429,0,0,-1.47456658001135,-1.40627082393099,-1.40626998027982,7
1,-2.35,,0,50,0.0252182199151944,0.0308143893938232,0.0308437688977852,-1.47456658001135,-1.40627082393099,-1.40626998027982,7
1,-2.3,,0,50,0.0283270377416012,0.0339690333074443,0.0339987028520498,-1.47456658001135,-1.40627082393099,-1.40626998027982,7
1,-2.25,,0,50,0.0317396518356674,0.0374466360210779,0.0374763473119196,-1.47456658001135,-1.40627082393099,-1.40626998027982,7
1,-2.2,,0,50,0.0354745928462315,0.0412802606598696,0.041309711548567,-1.47456658001135,-1.40627082393099,-1.40626998027982,7
1,-2.15,,0,50,0.0395500415893703,0.0455063552087187,0.0455351812710694,-1.47456658001135,-1.40627082393099,-1.40626998027982,7
1,-2.1,,0,50,0.0439835959804272,0.0501650990395811,0.0501928639940134,-1.47456658001135,-1.40627082393099,-1.40626998027982,7
1,-2.05,,0,50,0.0487920185791828,0.0553007849147371,0.0553269697319107,-1.47456658001135,-1.40627082393099,-1.40626998027982,7
1,-2,,0,50,0.0539909665131881,0.0609622400979027,0.0609862306339177,-1.47456658001135,-1.40627082393099,-1.40626998027982,7
1,-1.95,,0,50,0.0595947060688162,0.0672032905768751,0.0672243635419677,-1.47456658001135,-1.40627082393099,-1.40626998027982,7
1,-1.9,,0,50,0.0656158147746767,0.0740832728112835,0.074100579862847,-1.47456658001135,-1.40627082393099,-1.40626998027982,7
1,-1.85,,0,50,0.0720648743362181,0.0816675978708642,0.0816801475938444,-1.47456658001135,-1.40627082393099,-1.40626998027982,7
1,-1.8,,0,50,0.0789501583008942,0.0900283733277687,0.0900350108366327,-1.47456658001135,-1.40627082393099,-1.40626998027982,7
1,-1.75,,0,50,0.0862773188265115,0.0992450888155202,0.0992444726797174,-1.47456658001135,-1.40627082393099,-1.40626998027982,7
1,-1.7,,0,50,0.094049077376887,0.109405371772528,0.109395947931265,-1.47456658001135,-1.40627082393099,-1.40626998027982,7
1,-1.65,,0,50,0.102264924563978,0.120605820555357,0.120585792847141,-1.47456658001135,-1.40627082393099,-1.40626998027982,7
1,-1.6,,0,50,0.110920834679456,0.132952922842528,0.1329202197298,-1.47456658001135,-1.40627082393099,-1.40626998027982,7
1,-1.55,,0,50,0.120009000696986,0.14656305930428,0.146516305079277,-1.47456658001135,-1.40627082393099,-1.40626998027982,7
1,-1.5,,0,50,0.129517595665892,0.160103592740282,0.160044975083949,-1.47456658001135,-1.40627082393099,-1.40626998027982,7
1,-1.45,,0,50,0.13943056644536,0.167832713119474,0.167773664375222,-1.47456658001135,-1.40627082393099,-1.40626998027982,7
1,-1.4,,0,50,0.149727465635745,0.175934962551009,0.175875577743849,-1.47456658001135,-1.40627082393099,-1.40626998027982,7
1,-1.35,,0,50,0.16038332734192,0.184428176796648,0.184368738454407,-1.47456658001135,-1.40627082393099,-1.40626998027982,7
1,-1.3,,0,50,0.171368592047807,0.193331340012087,0.193272040128143,-1.47456658001135,-1.40627082393099,-1.40626998027982,7
1,-1.25,,0,50,0.182649085389022,0.202664298265451,0.202605288773139,-1.47456658001135,-1.40627082393099,-1.40626998027982,7
1,-1.2,,0,50,0.194186054983213,0.212447799662796,0.212389246844142,-1.47456658001135,-1.40627082393099,-1.40626998027982,7
1,-1.15,,0,50,0.205936268719975,0.222703593912957,0.222645679430074,-1.47456658001135,-1.40627082393099,-1.40626998027982,7
1,-1.1,,0,50,0.217852177032551,0.233454480679343,0.233397402671974,-1.47456658001135,-1.40627082393099,-1.40626998027982,7
1,-1.05,,0,50,0.229882140684233,0.244724360265885,0.244668334519071,-1.47456658001135,-1.40627082393099,-1.40626998027982,7
1,-1,,0,50,0.241970724519143,0.256538286749816,0.256483547935919,-1.47456658001135,-1.40627082393099,-1.40626998027982,7
1,-0.949999999999999,,0,50,0.254059056469189,0.26892252367941,0.268869326678926,-1.47456658001135,-1.40627082393099,-1.40626998027982,7
1,-0.9,,0,50,0.266085249898755,0.281904602460493,0.281853223766386,-1.47456658001135,-1.40627082393099,-1.40626998027982,7
1,-0.85,,0,50,0.277984886130997,0.295513088693691,0.295464122772063,-1.47456658001135,-1.40627082393099,-1.40626998027982,7
1,-0.8,,0,50,0.289691552761483,0.309778501896747,0.309732302078697,-1.47456658001135,-1.40627082393099,-1.40626998027982,7
1,-0.75,,0,50,0.301137432154804,0.324732554695271,0.324689502234348,-1.47456658001135,-1.40627082393099,-1.40626998027982,7
1,-0.699999999999999,,0,50,0.312253933366761,0.340408490044496,0.340368996561432,-1.47456658001135,-1.40627082393099,-1.40626998027982,7
1,-0.65,,0,50,0.322972359667914,0.356841155649187,0.356805665175524,-1.47456658001135,-1.40627082393099,-1.40626998027982,7
1,-0.6,,0,50,0.3332246028918,0.374067081430322,0.374036072578573,-1.47456658001135,-1.40627082393099,-1.40626998027982,7
1,-0.55,,0,50,0.342943855019384,0.392124560731334,0.392098548999162,-1.47456658001135,-1.40627082393099,-1.40626998027982,7
1,-0.5,,0,50,0.3520653267643,0.411053735444463,0.411033275660737,-1.47456658001135,-1.40627082393099,-1.40626998027982,7
1,-0.449999999999999,,0,50,0.360526962461648,0.430896685246435,0.430882374167513,-1.47456658001135,-1.40627082393099,-1.40626998027982,7
1,-0.399999999999999,,0,50,0.368270140303323,0.451697521141859,0.451690000206879,-1.47456658001135,-1.40627082393099,-1.40626998027982,7
1,-0.35,,0,50,0.375240346916938,0.473502483522268,0.473502441776772,-1.47456658001135,-1.40627082393099,-1.40626998027982,7
1,-0.3,,0,50,0.381387815460524,0.49636004495881,0.496368222156517,-1.47456658001135,-1.40627082393099,-1.40626998027982,7
1,-0.25,,0,50,0.386668116802849,0.487888114141702,0.487899134114763,-1.47456658001135,-1.40627082393099,-1.40626998027982,7
1,-0.199999999999999,,0,50,0.391042693975456,0.468883349310285,0.46889521145771,-1.47456658001135,-1.40627082393099,-1.40626998027982,7
1,-0.149999999999999,,0,50,0.394479330907889,0.450618879386304,0.450631501379658,-1.47456658001135,-1.40627082393099,-1.40626998027982,7
1,-0.0999999999999996,,0,50,0.396952547477012,0.433065867572521,0.43307917221927,-1.47456658001135,-1.40627082393099,-1.40626998027982,7
1,-0.0499999999999998,,0,50,0.398443914094764,0.416196600354958,0.416210515323275,-1.47456658001135,-1.40627082393099,-1.40626998027982,7
1,0,,0,50,0.398942280401433,0.399984443747503,0.39999890130472,-1.47456658001135,-1.40627082393099,-1.40626998027982,7
1,0.0500000000000007,,0,50,0.398443914094764,0.384403801240933,0.384418738004998,-1.47456658001135,-1.40627082393099,-1.40626998027982,7
1,0.100000000000001,,0,50,0.396952547477012,0.369430073389952,0.369445430093264,-1.47456658001135,-1.40627082393099,-1.40626998027982,7
1,0.15,,0,50,0.394479330907889,0.355039618974434,0.355055340239482,-1.47456658001135,-1.40627082393099,-1.40626998027982,7
1,0.2,,0,50,0.391042693975456,0.341209717673569,0.341225751799799,-1.47456658001135,-1.40627082393099,-1.40626998027982,7
1,0.25,,0,50,0.386668116802849,0.327918534193955,0.327934832955347,-1.47456658001135,-1.40627082393099,-1.40626998027982,7
1,0.300000000000001,,0,50,0.381387815460524,0.315145083795019,0.315161602247848,-1.47456658001135,-1.40627082393099,-1.40626998027982,7
1,0.350000000000001,,0,50,0.375240346916938,0.302869199157334,0.302885895457636,-1.47456658001135,-1.40627082393099,-1.40626998027982,7
1,0.4,,0,50,0.368270140303323,0.291071498541506,0.291088333771792,-1.47456658001135,-1.40627082393099,-1.40626998027982,7
1,0.45,,0,50,0.360526962461648,0.279733355187387,0.279750293192142,-1.47456658001135,-1.40627082393099,-1.40626998027982,7
1,0.5,,0,50,0.3520653267643,0.268836867905273,0.268853875134837,-1.47456658001135,-1.40627082393099,-1.40626998027982,7
1,0.550000000000001,,0,50,0.342943855019384,0.258364832812673,0.258381878175093,-1.47456658001135,-1.40627082393099,-1.40626998027982,7
1,0.600000000000001,,0,50,0.3332246028918,0.248300697185031,0.248317770892484,-1.47456658001135,-1.40627082393099,-1.40626998027982,7
1,0.65,,0,50,0.322972359667914,0.238628506478115,0.238645665773923,-1.47456658001135,-1.40627082393099,-1.40626998027982,7
1,0.7,,0,50,0.312253933366761,0.229333081821926,0.22935029413315,-1.47456658001135,-1.40627082393099,-1.40626998027982,7
1,0.75,,0,50,0.301137432154804,0.220399746845692,0.220416982007096,-1.47456658001135,-1.40627082393099,-1.40626998027982,7
1,0.800000000000001,,0,50,0.289691552761483,0.211814396875213,0.211831626991117,-1.47456658001135,-1.40627082393099,-1.40626998027982,7
1,0.850000000000001,,0,50,0.277984886130996,0.203563476663254,0.203580675976496,-1.47456658001135,-1.40627082393099,-1.40626998027982,7
1,0.9,,0,50,0.266085249898755,0.195633958987423,0.195651103755083,-1.47456658001135,-1.40627082393099,-1.40626998027982,7
1,0.95,,0,50,0.254059056469189,0.188013324081734,0.188030392457297,-1.47456658001135,-1.40627082393099,-1.40626998027982,7
1,1,,0,50,0.241970724519143,0.180689539869382,0.180706511791026,-1.47456658001135,-1.40627082393099,-1.40626998027982,7
1,1.05,,0,50,0.229882140684233,0.173651042965529,0.173667900050233,-1.47456658001135,-1.40627082393099,-1.40626998027982,7
1,1.1,,0,50,0.217852177032551,0.166886720420088,0.166903445863293,-1.47456658001135,-1.40627082393099,-1.40626998027982,7
1,1.15,,0,50,0.205936268719975,0.1603858921717,0.160402470652225,-1.47456658001135,-1.40627082393099,-1.40626998027982,7
1,1.2,,0,50,0.194186054983213,0.154138294185185,0.154154711775165,-1.47456658001135,-1.40627082393099,-1.40626998027982,7
1,1.25,,0,50,0.182649085389022,0.148134062245849,0.148150306325439,-1.47456658001135,-1.40627082393099,-1.40626998027982,7
1,1.3,,0,50,0.171368592047807,0.142363716385063,0.142379775561666,-1.47456658001135,-1.40627082393099,-1.40626998027982,7
1,1.35,,0,50,0.16038332734192,0.136818145912518,0.136834009944329,-1.47456658001135,-1.40627082393099,-1.40626998027982,7
1,1.4,,0,50,0.149727465635745,0.13148859503153,0.131504254755166,-1.47456658001135,-1.40627082393099,-1.40626998027982,7
1,1.45,,0,50,0.13943056644536,0.126366649014674,0.126382096276703,-1.47456658001135,-1.40627082393099,-1.40626998027982,7
1,1.5,,0,50,0.129517595665892,0.121444220917934,0.121459448510098,-1.47456658001135,-1.40627082393099,-1.40626998027982,7
1,1.55,,0,50,0.120009000696985,0.116713538812375,0.116728540410328,-1.47456658001135,-1.40627082393099,-1.40626998027982,7
1,1.6,,0,50,0.110920834679456,0.112167133513194,0.112181903618579,-1.47456658001135,-1.40627082393099,-1.40626998027982,7
1,1.65,,0,50,0.102264924563978,0.107797826786765,0.107812360672461,-1.47456658001135,-1.40627082393099,-1.40626998027982,7
1,1.7,,0,50,0.0940490773768868,0.103598720017058,0.103613013675441,-1.47456658001135,-1.40627082393099,-1.40626998027982,7
1,1.75,,0,50,0.0862773188265115,0.0995631833135477,0.0995772334076096,-1.47456658001135,-1.40627082393099,-1.40626998027982,7
1,1.8,,0,50,0.0789501583008941,0.0956848450434033,0.0956986488605905,-1.47456658001135,-1.40627082393099,-1.40626998027982,7
1,1.85,,0,50,0.0720648743362181,0.0919575441085578,0.091971137180065,-1.47456658001135,-1.40627082393099,-1.40626998027982,7
1,1.9,,0,50,0.0656158147746766,0.0882687163900302,0.0882821656319348,-1.47456658001135,-1.40627082393099,-1.40626998027982,7
1,1.95,,0,50,0.0595947060688159,0.0835378426880125,0.0835512321942395,-1.47456658001135,-1.40627082393099,-1.40626998027982,7
1,2,,0,50,0.0539909665131881,0.0790605261566414,0.0790738237016075,-1.47456658001135,-1.40627082393099,-1.40626998027982,7
1,2.05,,0,50,0.0487920185791827,0.0748231770780682,0.0748363540618614,-1.47456658001135,-1.40627082393099,-1.40626998027982,7
1,2.1,,0,50,0.0439835959804272,0.0708129340925929,0.0708259652449112,-1.47456658001135,-1.40627082393099,-1.40626998027982,7
1,2.15,,0,50,0.0395500415893702,0.0670176251613848,0.0670304882667955,-1.47456658001135,-1.40627082393099,-1.40626998027982,7
1,2.2,,0,50,0.0354745928462314,0.0634257306214583,0.063438406264542,-1.47456658001135,-1.40627082393099,-1.40626998027982,7
1,2.25,,0,50,0.0317396518356674,0.0600263482207622,0.0600388195497996,-1.47456658001135,-1.40627082393099,-1.40626998027982,7
1,2.3,,0,50,0.0283270377416011,0.0568091600272582,0.0568214125352037,-1.47456658001135,-1.40627082393099,-1.40626998027982,7
1,2.35,,0,50,0.0252182199151944,0.0537644011115501,0.0537764224331187,-1.47456658001135,-1.40627082393099,-1.40626998027982,7
1,2.4,,0,50,0.0223945302948429,0.0508828299080054,0.0508946096317748,-1.47456658001135,-1.40627082393099,-1.40626998027982,7
1,2.45,,0,50,0.0198373543917953,0.0481557001644125,0.0481672296589129,-1.47456658001135,-1.40627082393099,-1.40626998027982,7
1,2.5,,0,50,0.0175283004935685,0.0455747343950294,0.0455860066478627,-1.47456658001135,-1.40627082393099,-1.40626998027982,7
1,2.55,,0,50,0.0154493471343951,0.0431320987564506,0.0431431082255412,-1.47456658001135,-1.40627082393099,-1.40626998027982,7
1,2.6,,0,50,0.0135829692336856,0.0408203792700351,0.0408311217461736,-1.47456658001135,-1.40627082393099,-1.40626998027982,7
1,2.65,,0,50,0.0119122436076052,0.0386325593187211,0.0386430317986191,-1.47456658001135,-1.40627082393099,-1.40626998027982,7
1,2.7,,0,50,0.0104209348144226,0.036561998349929,0.0365721989190519,-1.47456658001135,-1.40627082393099,-1.40626998027982,7
1,2.75,,0,50,0.00909356250159106,0,0,-1.47456658001135,-1.40627082393099,-1.40626998027982,7
1,2.8,,0,50,0.00791545158297995,0,0,-1.47456658001135,-1.40627082393099,-1.40626998027982,7
1,2.85,,0,50,0.00687276669061394,0,0,-1.47456658001135,-1.40627082393099,-1.40626998027982,7
1,2.9,,0,50,0.00595253241977585,0,0,-1.47456658001135,-1.40627082393099,-1.40626998027982,7
1,2.95,,0,50,0.00514264092305392,0,0,-1.47456658001135,-1.40627082393099,-1.40626998027982,7
1,3,,0,50,0.00443184841193801,0,0,-1.47456658001135,-1.40627082393099,-1.40626998027982,7
1,-7,,2,50,7.43364324727354e-07,0,0,-1.76294915930097,-1.68269411869552,-1.68269353633189,8
1,-6.95,,2,50,9.53306924857375e-07,0,0,-1.76294915930097,-1.68269411869552,-1.68269353633189,8
1,-6.9,,2,50,1.21948952460776e-06,0,0,-1.76294915930097,-1.68269411869552,-1.68269353633189,8
1,-6.85,,2,50,1.5561006954852e-06,0,0,-1.76294915930097,-1.68269411869552,-1.68269353633189,8
1,-6.8,,2,50,1.98066770032355e-06,0,0,-1.76294915930097,-1.68269411869552,-1.68269353633189,8
1,-6.75,,2,50,2.51477911898602e-06,0,0,-1.76294915930097,-1.68269411869552,-1.68269353633189,8
1,-6.7,,2,50,3.18494824607417e-06,0,0,-1.76294915930097,-1.68269411869552,-1.68269353633189,8
1,-6.65,,2,50,4.02364101183568e-06,0,0,-1.76294915930097,-1.68269411869552,-1.68269353633189,8
1,-6.6,,2,50,5.07049536674309e-06,0,0,-1.76294915930097,-1.68269411869552,-1.68269353633189,8
1,-6.55,,2,50,6.37376251182413e-06,0,0,-1.76294915930097,-1.68269411869552,-1.68269353633189,8
1,-6.5,,2,50,7.99200403128348e-06,0,0,-1.76294915930097,-1.68269411869552,-1.68269353633189,8
1,-6.45,,2,50,9.9960828600922e-06,0,0,-1.76294915930097,-1.68269411869552,-1.68269353633189,8
1,-6.4,,2,50,1.24714900520409e-05,0,0,-1.76294915930097,-1.68269411869552,-1.68269353633189,8
1,-6.35,,2,50,1.55210534422226e-05,0,0,-1.76294915930097,-1.68269411869552,-1.68269353633189,8
1,-6.3,,2,50,1.92680784427121e-05,0,0,-1.76294915930097,-1.68269411869552,-1.68269353633189,8
1,-6.25,,2,50,2.38599752715116e-05,0,0,-1.76294915930097,-1.68269411869552,-1.68269353633189,8
1,-6.2,,2,50,2.94724307702239e-05,0,0,-1.76294915930097,-1.68269411869552,-1.68269353633189,8
1,-6.15,,2,50,3.63141864685396e-05,0,0,-1.76294915930097,-1.68269411869552,-1.68269353633189,8
1,-6.1,,2,50,4.46324875306883e-05,0,0,-1.76294915930097,-1.68269411869552,-1.68269353633189,8
1,-6.05,,2,50,5.47192694708158e-05,0,0,-1.76294915930097,-1.68269411869552,-1.68269353633189,8
1,-6,,2,50,6.69181508238676e-05,0,0,-1.76294915930097,-1.68269411869552,-1.68269353633189,8
1,-5.95,,2,50,8.16323000523227e-05,0,0,-1.76294915930097,-1.68269411869552,-1.68269353633189,8
1,-5.9,,2,50,9.93332435781985e-05,0,0,-1.76294915930097,-1.68269411869552,-1.68269353633189,8
1,-5.85,,2,50,0.00012057067865279,0,0,-1.76294915930097,-1.68269411869552,-1.68269353633189,8
1,-5.8,,2,50,0.000145983349493933,0,0,-1.76294915930097,-1.68269411869552,-1.68269353633189,8
1,-5.75,,2,50,0.000176311037399741,0,0,-1.76294915930097,-1.68269411869552,-1.68269353633189,8
1,-5.7,,2,50,0.00021240770505085,0,0,-1.76294915930097,-1.68269411869552,-1.68269353633189,8
1,-5.65,,2,50,0.00025525582160608,0,0,-1.76294915930097,-1.68269411869552,-1.68269353633189,8
1,-5.6,,2,50,0.000305981878159388,0,0,-1.76294915930097,-1.68269411869552,-1.68269353633189,8
1,-5.55,,2,50,0.000365873082367048,0,0,-1.76294915930097,-1.68269411869552,-1.68269353633189,8
1,-5.5,,2,50,0.000436395196323093,0,0,-1.76294915930097,-1.68269411869552,-1.68269353633189,8
1,-5.45,,2,50,0.000519211452866356,0,0,-1.76294915930097,-1.68269411869552,-1.68269353633189,8
1,-5.4,,2,50,0.000616202452328737,0,0,-1.76294915930097,-1.68269411869552,-1.68269353633189,8
1,-5.35,,2,50,0.000729486904260427,0,0,-1.76294915930097,-1.68269411869552,-1.68269353633189,8
1,-5.3,,2,50,0.000861443036987676,0,0,-1.76294915930097,-1.68269411869552,-1.68269353633189,8
1,-5.25,,2,50,0.00101473045219932,0,0,-1.76294915930097,-1.68269411869552,-1.68269353633189,8
1,-5.2,,2,50,0.00119231215249966,0,0,-1.76294915930097,-1.68269411869552,-1.68269353633189,8
1,-5.15,,2,50,0.00139747641755741,0,0,-1.76294915930097,-1.68269411869552,-1.68269353633189,8
1,-5.1,,2,50,0.00163385814985808,0,0,-1.76294915930097,-1.68269411869552,-1.68269353633189,8
1,-5.05,,2,50,0.0019054592550627,0,0,-1.76294915930097,-1.68269411869552,-1.68269353633189,8
1,-5,,2,50,0.00221666756572637,0.00759409584252459,0.00759206694530236,-1.76294915930097,-1.68269411869552,-1.68269353633189,8
1,-4.95,,2,50,0.00257227376197854,0.00813966035874639,0.00813757567334173,-1.76294915930097,-1.68269411869552,-1.68269353633189,8
1,-4.9,,2,50,0.00297748569026087,0.00872441856537349,0.00872228054842656,-1.76294915930097,-1.68269411869552,-1.68269353633189,8
1,-4.85,,2,50,0.00343793943309657,0.00935118616123151,0.00934899791035905,-1.76294915930097,-1.68269411869552,-1.68269353633189,8
1,-4.8,,2,50,0.0039597064410355,0.0100229811266814,0.0100207464598997,-1.76294915930097,-1.68269411869552,-1.68269353633189,8
1,-4.75,,2,50,0.00454929600443983,0.0107430382556497,0.0107407617989014,-1.76294915930097,-1.68269411869552,-1.68269353633189,8
1,-4.7,,2,50,0.00521365231980074,0.011514824731648,0.0115125120151871,-1.76294915930097,-1.68269411869552,-1.68269353633189,8
1,-4.65,,2,50,0.00596014539503083,0.0123420568227842,0.0123397143872405,-1.76294915930097,-1.68269411869552,-1.68269353633189,8
1,-4.6,,2,50,0.00679655504287556,0.0132287177761527,0.0132263532891693,-1.76294915930097,-1.68269411869552,-1.68269353633189,8
1,-4.55,,2,50,0.0077310472333885,0.014179076997769,0.0141766993821839,-1.76294915930097,-1.68269411869552,-1.68269353633189,8
1,-4.5,,2,50,0.00877214211733773,0.0151977106104029,0.0151953301850323,-1.76294915930097,-1.68269411869552,-1.68269353633189,8
1,-4.45,,2,50,0.00992867309425114,0.0162895234882987,0.0162871521224698,-1.76294915930097,-1.68269411869552,-1.68269353633189,8
1,-4.4,,2,50,0.0112097363830665,0.0174597728748831,0.0174574241579672,-1.76294915930097,-1.68269411869552,-1.68269353633189,8
1,-4.35,,2,50,0.0126246306611261,0.0187140936971841,0.0187117831244868,-1.76294915930097,-1.68269411869552,-1.68269353633189,8
1,-4.3,,2,50,0.0141827864691716,0.0200585256988533,0.0200562708753361,-1.76294915930097,-1.68269411869552,-1.68269353633189,8
1,-4.25,,2,50,0.0158936852361043,0.0214995425224413,0.0214973633858793,-1.76294915930097,-1.68269411869552,-1.68269353633189,8
1,-4.2,,2,50,0.017766767956994,0.0230440828809609,0.0230420019462765,-1.76294915930097,-1.68269411869552,-1.68269353633189,8
1,-4.15,,2,50,0.0198113337598362,0.0246995839688359,0.0246976265954995,-1.76294915930097,-1.68269411869552,-1.68269353633189,8
1,-4.1,,2,50,0.0220364288188022,0.0264740172731117,0.0264722119576635,-1.76294915930097,-1.68269411869552,-1.68269353633189,8
1,-4.05,,2,50,0.0244507263113113,0.0283759269573659,0.0283743056532872,-1.76294915930097,-1.68269411869552,-1.68269353633189,8
1,-4,,2,50,0.0270623983694765,0.0304144710031431,0.0304130694704981,-1.76294915930097,-1.68269411869552,-1.68269353633189,8
1,-3.95,,2,50,0.0298789812387912,0.0325994653070148,0.0325983234944882,-1.76294915930097,-1.68269411869552,-1.68269353633189,8
1,-3.9,,2,50,0.0329072351230347,0.0349414309455993,0.034940593407782,-1.76294915930097,-1.68269411869552,-1.68269353633189,8
1,-3.85,,2,50,0.036153000458222,0.0374516448361309,0.037451161189144,-1.76294915930097,-1.68269411869552,-1.68269353633189,8
1,-3.8,,2,50,0.0396210526133428,0.0401421940365136,0.0401421194553285,-1.76294915930097,-1.68269411869552,-1.68269353633189,8
1,-3.75,,2,50,0.0433149572544395,0.0430260339463258,0.0430264297074174,-1.76294915930097,-1.68269411869552,-1.68269353633189,8
1,-3.7,,2,50,0.0472369288237189,0.0461170506890203,0.0461179847623016,-1.76294915930097,-1.68269411869552,-1.68269353633189,8
1,-3.65,,2,50,0.0513876947691611,0.0494301279756992,0.0494316756700178,-1.76294915930097,-1.68269411869552,-1.68269353633189,8
1,-3.6,,2,50,0.0557663683047847,0.0529812187724252,0.0529834634392618,-1.76294915930097,-1.68269411869552,-1.68269353633189,8
1,-3.55,,2,50,0.060370332579908,0.0567874221161546,0.0567904559165549,-1.76294915930097,-1.68269411869552,-1.68269353633189,8
1,-3.5,,2,50,0.0651951391804688,0.0608670654491762,0.0608709901893703,-1.76294915930097,-1.68269411869552,-1.68269353633189,8
1,-3.45,,2,50,0.0702344238705109,0.0652397928685052,0.0652447209101257,-1.76294915930097,-1.68269411869552,-1.68269353633189,8
1,-3.4,,2,50,0.075479842402109,0.069926659715169,0.0699327149664727,-1.76294915930097,-1.68269411869552,-1.68269353633189,8
1,-3.35,,2,50,0.0809210290732932,0.0749502339588449,0.0749575529538808,-1.76294915930097,-1.68269411869552,-1.68269353633189,8
1,-3.3,,2,50,0.0865455804934305,0.0803347048660323,0.0803434379392754,-1.76294915930097,-1.68269411869552,-1.68269353633189,8
1,-3.25,,2,50,0.0923390667231608,0.0861059994750146,0.0861163120396128,-1.76294915930097,-1.68269411869552,-1.68269353633189,8
1,-3.2,,2,50,0.0982850715923389,0.0922919074384522,0.0923039813769121,-1.76294915930097,-1.68269411869552,-1.68269353633189,8
1,-3.15,,2,50,0.104365263567427,0.0989222148347447,0.0989362500116143,-1.76294915930097,-1.68269411869552,-1.68269353633189,8
1,-3.1,,2,50,0.110559498044375,0.106028847592485,0.106045063499385,-1.76294915930097,-1.68269411869552,-1.68269353633189,8
1,-3.05,,2,50,0.116845951391227,0.113646025218613,0.113664662762823,-1.76294915930097,-1.68269411869552,-1.68269353633189,8
1,-3,,2,50,0.123201286465541,0.121810425570493,0.12183174901924,-1.76294915930097,-1.68269411869552,-1.68269353633189,8
1,-2.95,,2,50,0.129600848696121,0.130561361465325,0.130585660558892,-1.76294915930097,-1.68269411869552,-1.68269353633189,8
1,-2.9,,2,50,0.136018891159265,0.139940969977272,0.139968562225182,-1.76294915930097,-1.68269411869552,-1.68269353633189,8
1,-2.85,,2,50,0.142428826410805,0.149994415333827,0.150025648509465,-1.76294915930097,-1.68269411869552,-1.68269353633189,8
1,-2.8,,2,50,0.148803502172231,0.160770106388361,0.160805361238726,-1.76294915930097,-1.68269411869552,-1.68269353633189,8
1,-2.75,,2,50,0.155115497328198,0.172319929716049,0.172359622904652,-1.76294915930097,-1.68269411869552,-1.68269353633189,8
1,-2.7,,2,50,0.161337434090592,0.18469949945554,0.184744086757969,-1.76294915930097,-1.68269411869552,-1.68269353633189,8
1,-2.65,,2,50,0.16744230163776,0.197968425099409,0.198018404872681,-1.76294915930097,-1.68269411869552,-1.68269353633189,8
1,-2.6,,2,50,0.173403786062743,0.212190598522841,0.212246515471379,-1.76294915930097,-1.68269411869552,-1.68269353633189,8
1,-2.55,,2,50,0.17919660107689,0.220065247031054,0.220121629328501,-1.76294915930097,-1.68269411869552,-1.68269353633189,8
1,-2.5,,2,50,0.184796813628934,0.223426126488563,0.223479083021001,-1.76294915930097,-1.68269411869552,-1.68269353633189,8
1,-2.45,,2,50,0.190182158426722,0.226838275605169,0.226887747016331,-1.76294915930097,-1.68269411869552,-1.68269353633189,8
1,-2.4,,2,50,0.195332335299083,0.2303023743915,0.230348402410927,-1.76294915930097,-1.68269411869552,-1.68269353633189,8
1,-2.35,,2,50,0.200229283416066,0.233819374216552,0.233861842215072,-1.76294915930097,-1.68269411869552,-1.68269353633189,8
1,-2.3,,2,50,0.204857426601063,0.237390082944094,0.237428871534613,-1.76294915930097,-1.68269411869552,-1.68269353633189,8
1,-2.25,,2,50,0.209203884319258,0.241015320774965,0.241050307755451,-1.76294915930097,-1.68269411869552,-1.68269353633189,8
1,-2.2,,2,50,0.213258643410844,0.244695920435477,0.244726980730845,-1.76294915930097,-1.68269411869552,-1.68269353633189,8
1,-2.15,,2,50,0.21701468624863,0.248432727368695,0.248459732971575,-1.76294915930097,-1.68269411869552,-1.68269353633189,8
1,-2.1,,2,50,0.22046807172872,0.252226599928635,0.252249419839003,-1.76294915930097,-1.68269411869552,-1.68269353633189,8
1,-2.05,,2,50,0.223617966336973,0.253295630526032,0.253309832956965,-1.76294915930097,-1.68269411869552,-1.68269353633189,8
1,-2,,2,50,0.22646662345731,0.251890456212543,0.25190349164621,-1.76294915930097,-1.68269411869552,-1.68269353633189,8
1,-1.95,,2,50,0.22901931008179,0.250493077196774,0.250504958148754,-1.76294915930097,-1.68269411869552,-1.68269353633189,8
1,-1.9,,2,50,0.231284181125844,0.249103450233795,0.249114189116692,-1.76294915930097,-1.68269411869552,-1.68269353633189,8
1,-1.85,,2,50,0.233272102622054,0.247721532318578,0.247731141442781,-1.76294915930097,-1.68269411869552,-1.68269353633189,8
1,-1.8,,2,50,0.234996426138175,0.24634728068467,0.246355772259105,-1.76294915930097,-1.68269411869552,-1.68269353633189,8
1,-1.75,,2,50,0.23647271781468,0.244980652802866,0.244988038935742,-1.76294915930097,-1.68269411869552,-1.68269353633189,8
1,-1.7,,2,50,0.237718446418706,0.243621606379895,0.243627899079447,-1.76294915930097,-1.68269411869552,-1.68269353633189,8
1,-1.65,,2,50,0.238752635740458,0.242270099357113,0.242275310532338,-1.76294915930097,-1.68269411869552,-1.68269353633189,8
1,-1.6,,2,50,0.239595487491389,0.240926089909196,0.240930231370586,-1.76294915930097,-1.68269411869552,-1.68269353633189,8
1,-1.55,,2,50,0.240267981579317,0.23958953644285,0.239592619903116,-1.76294915930097,-1.68269411869552,-1.68269353633189,8
1,-1.5,,2,50,0.240791461215096,0.238260397595523,0.238262434670319,-1.76294915930097,-1.68269411869552,-1.68269353633189,8
1,-1.45,,2,50,0.241187210732372,0.236938632234125,0.236939634442763,-1.76294915930097,-1.68269411869552,-1.68269353633189,8
1,-1.4,,2,50,0.241476034263772,0.235624199453752,0.235624178219915,-1.76294915930097,-1.68269411869552,-1.68269353633189,8
1,-1.35,,2,50,0.241677843504917,0.234317058576425,0.234316025228872,-1.76294915930097,-1.68269411869552,-1.68269353633189,8
1,-1.3,,2,50,0.241811262707284,0.233017169149828,0.233015134923097,-1.76294915930097,-1.68269411869552,-1.68269353633189,8
1,-1.25,,2,50,0.241893258771913,0.231724490946057,0.231721466981162,-1.76294915930097,-1.68269411869552,-1.68269353633189,8
1,-1.2,,2,50,0.241938803872348,0.230438983960376,0.230434981305498,-1.76294915930097,-1.68269411869552,-1.68269353633189,8
1,-1.15,,2,50,0.241960577425486,0.229160608409976,0.22915563802115,-1.76294915930097,-1.68269411869552,-1.68269353633189,8
1,-1.1,,2,50,0.241968713465653,0.227889324732746,0.227883397474545,-1.76294915930097,-1.68269411869552,-1.68269353633189,8
1,-1.05,,2,50,0.241970598576711,0.226625093586051,0.226618220232263,-1.76294915930097,-1.68269411869552,-1.68269353633189,8
1,-1,,2,50,0.241970724519143,0.225367875845509,0.22536006707981,-1.76294915930097,-1.68269411869552,-1.68269353633189,8
1,-0.949999999999999,,2,50,0.241970598576711,0.224117632603783,0.224108899020406,-1.76294915930097,-1.68269411869552,-1.68269353633189,8
1,-0.9,,2,50,0.241968713465653,0.22287432516938,0.222864677273777,-1.76294915930097,-1.68269411869552,-1.68269353633189,8
1,-0.85,,2,50,0.241960577425486,0.221637915065448,0.22162736327495,-1.76294915930097,-1.68269411869552,-1.68269353633189,8
1,-0.8,,2,50,0.241938803872348,0.220408364028588,0.220396918673062,-1.76294915930097,-1.68269411869552,-1.68269353633189,8
1,-0.75,,2,50,0.241893258771913,0.219185634007672,0.219173305330166,-1.76294915930097,-1.68269411869552,-1.68269353633189,8
1,-0.699999999999999,,2,50,0.241811262707284,0.21796968716266,0.217956485320053,-1.76294915930097,-1.68269411869552,-1.68269353633189,8
1,-0.65,,2,50,0.241677843504917,0.216760485863434,0.216746420927075,-1.76294915930097,-1.68269411869552,-1.68269353633189,8
1,-0.6,,2,50,0.241476034263772,0.215557992688632,0.215543074644976,-1.76294915930097,-1.68269411869552,-1.68269353633189,8
1,-0.55,,2,50,0.241187210732372,0.214362170424488,0.21434640917573,-1.76294915930097,-1.68269411869552,-1.68269353633189,8
1,-0.5,,2,50,0.240791461215096,0.213172982063683,0.213156387428383,-1.76294915930097,-1.68269411869552,-1.68269353633189,8
1,-0.449999999999999,,2,50,0.240267981579317,0.211990390804199,0.211972972517906,-1.76294915930097,-1.68269411869552,-1.68269353633189,8
1,-0.399999999999999,,2,50,0.239595487491389,0.210814360048177,0.210796127764051,-1.76294915930097,-1.68269411869552,-1.68269353633189,8
1,-0.35,,2,50,0.238752635740458,0.209644853400789,0.209625816690213,-1.76294915930097,-1.68269411869552,-1.68269353633189,8
1,-0.3,,2,50,0.237718446418706,0.208481834669111,0.2084620030223,-1.76294915930097,-1.68269411869552,-1.68269353633189,8
1,-0.25,,2,50,0.23647271781468,0.207325267860999,0.207304650687609,-1.76294915930097,-1.68269411869552,-1.68269353633189,8
1,-0.199999999999999,,2,50,0.234996426138175,0.20617511718398,0.206153723813708,-1.76294915930097,-1.68269411869552,-1.68269353633189,8
1,-0.149999999999999,,2,50,0.233272102622053,0.20503134704414,0.205009186727324,-1.76294915930097,-1.68269411869552,-1.68269353633189,8
1,-0.0999999999999996,,2,50,0.231284181125844,0.203893922045027,0.203871003953236,-1.76294915930097,-1.68269411869552,-1.68269353633189,8
1,-0.0499999999999998,,2,50,0.22901931008179,0.20276280698655,0.202739140213177,-1.76294915930097,-1.68269411869552,-1.68269353633189,8
1,0,,2,50,0.22646662345731,0.201637966863897,0.20161356042474,-1.76294915930097,-1.68269411869552,-1.68269353633189,8
1,0.0500000000000007,,2,50,0.223617966336973,0.200519366866444,0.200494229700292,-1.76294915930097,-1.68269411869552,-1.68269353633189,8
1,0.100000000000001,,2,50,0.220468071728719,0.199406972376682,0.19938111334589,-1.76294915930097,-1.68269411869552,-1.68269353633189,8
1,0.15,,2,50,0.21701468624863,0.198300748969147,0.198274176860206,-1.76294915930097,-1.68269411869552,-1.68269353633189,8
1,0.2,,2,50,0.213258643410844,0.197200662409349,0.197173385933461,-1.76294915930097,-1.68269411869552,-1.68269353633189,8
1,0.25,,2,50,0.209203884319258,0.19610667865272,0.196078706446358,-1.76294915930097,-1.68269411869552,-1.68269353633189,8
1,0.300000000000001,,2,50,0.204857426601063,0.195018747883067,0.194990104469025,-1.76294915930097,-1.68269411869552,-1.68269353633189,8
1,0.350000000000001,,2,50,0.200229283416066,0.193936768620209,0.193907546259966,-1.76294915930097,-1.68269411869552,-1.68269353633189,8
1,0.4,,2,50,0.195332335299083,0.192860792262908,0.19283099826501,-1.76294915930097,-1.68269411869552,-1.68269353633189,8
1,0.45,,2,50,0.190182158426722,0.191790785506574,0.191760427116277,-1.76294915930097,-1.68269411869552,-1.68269353633189,8
1,0.5,,2,50,0.184796813628934,0.190726715231394,0.19069579963114,-1.76294915930097,-1.68269411869552,-1.68269353633189,8
1,0.550000000000001,,2,50,0.179196601076889,0.189668548501306,0.189637082811196,-1.76294915930097,-1.68269411869552,-1.68269353633189,8
1,0.600000000000001,,2,50,0.173403786062743,0.18861625256298,0.188584243841248,-1.76294915930097,-1.68269411869552,-1.68269353633189,8
1,0.65,,2,50,0.16744230163776,0.187569794844805,0.18753725008828,-1.76294915930097,-1.68269411869552,-1.68269353633189,8
1,0.7,,2,50,0.161337434090592,0.186529142955879,0.186496069100453,-1.76294915930097,-1.68269411869552,-1.68269353633189,8
1,0.75,,2,50,0.155115497328198,0.185494264685008,0.185460668606095,-1.76294915930097,-1.68269411869552,-1.68269353633189,8
1,0.800000000000001,,2,50,0.148803502172231,0.184465127999705,0.184431016512703,-1.76294915930097,-1.68269411869552,-1.68269353633189,8
1,0.850000000000001,,2,50,0.142428826410805,0.183441701045207,0.183407080905947,-1.76294915930097,-1.68269411869552,-1.68269353633189,8
1,0.9,,2,50,0.136018891159265,0.18242395214348,0.182388830048679,-1.76294915930097,-1.68269411869552,-1.68269353633189,8
1,0.95,,2,50,0.129600848696121,0.181411849792243,0.181376232379953,-1.76294915930097,-1.68269411869552,-1.68269353633189,8
1,1,,2,50,0.123201286465541,0.180405362663992,0.180369256514044,-1.76294915930097,-1.68269411869552,-1.68269353633189,8
1,1.05,,2,50,0.116845951391227,0.179403599063246,0.179367871239479,-1.76294915930097,-1.68269411869552,-1.68269353633189,8
1,1.1,,2,50,0.110559498044375,0.172913234951877,0.172887019435011,-1.76294915930097,-1.68269411869552,-1.68269353633189,8
1,1.15,,2,50,0.104365263567427,0.159053636524278,0.159043506153035,-1.76294915930097,-1.68269411869552,-1.68269353633189,8
1,1.2,,2,50,0.0982850715923388,0.146304933214845,0.146308478983056,-1.76294915930097,-1.68269411869552,-1.68269353633189,8
1,1.25,,2,50,0.0923390667231608,0.134578082908107,0.134593178559192,-1.76294915930097,-1.68269411869552,-1.68269353633189,8
1,1.3,,2,50,0.0865455804934304,0.123791180524483,0.123815952708827,-1.76294915930097,-1.68269411869552,-1.68269353633189,8
1,1.35,,2,50,0.0809210290732932,0.113868885961981,0.113901687361164,-1.76294915930097,-1.68269411869552,-1.68269353633189,8
1,1.4,,2,50,0.0754798424021089,0.10474189789036,0.104781283024409,-1.76294915930097,-1.68269411869552,-1.68269353633189,8
1,1.45,,2,50,0.0702344238705107,0.0963464697225337,0.096391173182784,-1.76294915930097,-1.68269411869552,-1.68269353633189,8
1,1.5,,2,50,0.0651951391804688,0,0,-1.76294915930097,-1.68269411869552,-1.68269353633189,8
1,1.55,,2,50,0.0603703325799079,0,0,-1.76294915930097,-1.68269411869552,-1.68269353633189,8
1,1.6,,2,50,0.0557663683047847,0,0,-1.76294915930097,-1.68269411869552,-1.68269353633189,8
1,1.65,,2,50,0.0513876947691611,0,0,-1.76294915930097,-1.68269411869552,-1.68269353633189,8
1,1.7,,2,50,0.0472369288237188,0,0,-1.76294915930097,-1.68269411869552,-1.68269353633189,8
1,1.75,,2,50,0.0433149572544395,0,0,-1.76294915930097,-1.68269411869552,-1.68269353633189,8
1,1.8,,2,50,0.0396210526133428,0,0,-1.76294915930097,-1.68269411869552,-1.68269353633189,8
1,1.85,,2,50,0.036153000458222,0,0,-1.76294915930097,-1.68269411869552,-1.68269353633189,8
1,1.9,,2,50,0.0329072351230347,0,0,-1.76294915930097,-1.68269411869552,-1.68269353633189,8
1,1.95,,2,50,0.0298789812387911,0,0,-1.76294915930097,-1.68269411869552,-1.68269353633189,8
1,2,,2,50,0.0270623983694765,0,0,-1.76294915930097,-1.68269411869552,-1.68269353633189,8
1,2.05,,2,50,0.0244507263113112,0,0,-1.76294915930097,-1.68269411869552,-1.68269353633189,8
1,2.1,,2,50,0.0220364288188022,0,0,-1.76294915930097,-1.68269411869552,-1.68269353633189,8
1,2.15,,2,50,0.0198113337598362,0,0,-1.76294915930097,-1.68269411869552,-1.68269353633189,8
1,2.2,,2,50,0.017766767956994,0,0,-1.76294915930097,-1.68269411869552,-1.68269353633189,8
1,2.25,,2,50,0.0158936852361043,0,0,-1.76294915930097,-1.68269411869552,-1.68269353633189,8
1,2.3,,2,50,0.0141827864691716,0,0,-1.76294915930097,-1.68269411869552,-1.68269353633189,8
1,2.35,,2,50,0.0126246306611261,0,0,-1.76294915930097,-1.68269411869552,-1.68269353633189,8
1,2.4,,2,50,0.0112097363830665,0,0,-1.76294915930097,-1.68269411869552,-1.68269353633189,8
1,2.45,,2,50,0.0099286730942511,0,0,-1.76294915930097,-1.68269411869552,-1.68269353633189,8
1,2.5,,2,50,0.00877214211733773,0,0,-1.76294915930097,-1.68269411869552,-1.68269353633189,8
1,2.55,,2,50,0.00773104723338849,0,0,-1.76294915930097,-1.68269411869552,-1.68269353633189,8
1,2.6,,2,50,0.00679655504287553,0,0,-1.76294915930097,-1.68269411869552,-1.68269353633189,8
1,2.65,,2,50,0.00596014539503083,0,0,-1.76294915930097,-1.68269411869552,-1.68269353633189,8
1,2.7,,2,50,0.00521365231980072,0,0,-1.76294915930097,-1.68269411869552,-1.68269353633189,8
1,2.75,,2,50,0.00454929600443983,0,0,-1.76294915930097,-1.68269411869552,-1.68269353633189,8
1,2.8,,2,50,0.00395970644103549,0,0,-1.76294915930097,-1.68269411869552,-1.68269353633189,8
1,2.85,,2,50,0.00343793943309655,0,0,-1.76294915930097,-1.68269411869552,-1.68269353633189,8
1,2.9,,2,50,0.00297748569026087,0,0,-1.76294915930097,-1.68269411869552,-1.68269353633189,8
1,2.95,,2,50,0.00257227376197852,0,0,-1.76294915930097,-1.68269411869552,-1.68269353633189,8
1,3,,2,50,0.00221666756572637,0,0,-1.76294915930097,-1.68269411869552,-1.68269353633189,8
1,-7,,4,50,0.00221592421053637,0,0,-2.15670840099178,-2.08181296335319,-2.08181093662456,9
1,-6.95,,4,50,0.00257132046800027,0,0,-2.15670840099178,-2.08181296335319,-2.08181093662456,9
1,-6.9,,4,50,0.00297626621903958,0,0,-2.15670840099178,-2.08181296335319,-2.08181093662456,9
1,-6.85,,4,50,0.0034363833582129,0,0,-2.15670840099178,-2.08181296335319,-2.08181093662456,9
1,-6.8,,4,50,0.00395772580964479,0,0,-2.15670840099178,-2.08181296335319,-2.08181093662456,9
1,-6.75,,4,50,0.00454678127627022,0,0,-2.15670840099178,-2.08181296335319,-2.08181093662456,9
1,-6.7,,4,50,0.00521046744286793,0,0,-2.15670840099178,-2.08181296335319,-2.08181093662456,9
1,-6.65,,4,50,0.00595612185358617,0,0,-2.15670840099178,-2.08181296335319,-2.08181093662456,9
1,-6.6,,4,50,0.00679148468617682,0.0144276693874554,0.0144227630529765,-2.15670840099178,-2.08181296335319,-2.08181093662456,9
1,-6.55,,4,50,0.00772467366351849,0.0153920695094444,0.0153868280987429,-2.15670840099178,-2.08181296335319,-2.08181093662456,9
1,-6.5,,4,50,0.00876415038026211,0.0164209337919512,0.0164153344314566,-2.15670840099178,-2.08181296335319,-2.08181093662456,9
1,-6.45,,4,50,0.00991867738040429,0.0175185712638702,0.0175125895192512,-2.15670840099178,-2.08181296335319,-2.08181093662456,9
1,-6.4,,4,50,0.0111972654018285,0.0186895789859238,0.0186831887556354,-2.15670840099178,-2.08181296335319,-2.08181093662456,9
1,-6.35,,4,50,0.0126091103075105,0.0199388613038025,0.0199320347053751,-2.15670840099178,-2.08181296335319,-2.08181093662456,9
1,-6.3,,4,50,0.0141635193508723,0.0212716503882561,0.0212643576368325,-2.15670840099178,-2.08181296335319,-2.08181093662456,9
1,-6.25,,4,50,0.0158698265748346,0.0226935281481649,0.0226857374267553,-2.15670840099178,-2.08181296335319,-2.08181093662456,9
1,-6.2,,4,50,0.0177372973200077,0.0242104496083612,0.0242021269292548,-2.15670840099178,-2.08181296335319,-2.08181093662456,9
1,-6.15,,4,50,0.0197750220160025,0.0258287678501149,0.0258198769068419,-2.15670840099178,-2.08181296335319,-2.08181093662456,9
1,-6.1,,4,50,0.0219917996491557,0.0275552606187344,0.0275457626279376,-2.15670840099178,-2.08181296335319,-2.08181093662456,9
1,-6.05,,4,50,0.0243960115373423,0.0293971587097212,0.0293870122422474,-2.15670840099178,-2.08181296335319,-2.08181093662456,9
1,-6,,4,50,0.0269954862945355,0.0313621762523627,0.0313513370528401,-2.15670840099178,-2.08181296335319,-2.08181093662456,9
1,-5.95,,4,50,0.0297973571300772,0.0334585430175947,0.0334469638117119,-2.15670840099178,-2.08181296335319,-2.08181093662456,9
1,-5.9,,4,50,0.0328079128952201,0.035695038885444,0.0356826691740927,-2.15670840099178,-2.08181296335319,-2.08181093662456,9
1,-5.85,,4,50,0.0360324445566488,0.038081030616406,0.0380678164557914,-2.15670840099178,-2.08181296335319,-2.08181093662456,9
1,-5.8,,4,50,0.0394750890370453,0.0406265110807599,0.0406123948475238,-2.15670840099178,-2.08181296335319,-2.08181093662456,9
1,-5.75,,4,50,0.0431386726094718,0.043342141110121,0.0433270612504557,-2.15670840099178,-2.08181296335319,-2.08181093662456,9
1,-5.7,,4,50,0.0470245562582189,0.0462392941465085,0.0462231849081709,-2.15670840099178,-2.08181296335319,-2.08181093662456,9
1,-5.65,,4,50,0.051132485616423,0.0493301038759265,0.0493128950219879,-2.15670840099178,-2.08181296335319,-2.08181093662456,9
1,-5.6,,4,50,0.0554604482528303,0.0526275150459547,0.0526091315490407,-2.15670840099178,-2.08181296335319,-2.08181093662456,9
1,-5.55,,4,50,0.0600045411994447,0.0561453376801788,0.0561256993958717,-2.15670840099178,-2.08181296335319,-2.08181093662456,9
1,-5.5,,4,50,0.0647588516817461,0.0598983049165193,0.0598773262345022,-2.15670840099178,-2.08181296335319,-2.08181093662456,9
1,-5.45,,4,50,0.0697153540277158,0.0639021347116937,0.0638797241831203,-2.15670840099178,-2.08181296335319,-2.08181093662456,9
1,-5.4,,4,50,0.0748638256859646,0.0681735956702386,0.068149655609709,-2.15670840099178,-2.08181296335319,-2.08181093662456,9
1,-5.35,,4,50,0.0801917851728869,0.0727305772737932,0.0727050033342065,-2.15670840099178,-2.08181296335319,-2.08181093662456,9
1,-5.3,,4,50,0.0856844545913646,0.0775921584480746,0.077564845523209,-2.15670840099178,-2.08181296335319,-2.08181093662456,9
1,-5.25,,4,50,0.0913247491180604,0.0827786606201189,0.0827495355908842,-2.15670840099178,-2.08181296335319,-2.08181093662456,9
1,-5.2,,4,50,0.0970932955433737,0.0883118447935231,0.088280787440724,-2.15670840099178,-2.08181296335319,-2.08181093662456,9
1,-5.15,,4,50,0.102968481570105,0.0942148842758614,0.0941817664051379,-2.15670840099178,-2.08181296335319,-2.08181093662456,9
1,-5.1,,4,50,0.108926537138033,0.100512501350951,0.100477186263748,-2.15670840099178,-2.08181296335319,-2.08181093662456,9
1,-5.05,,4,50,0.114941648548068,0.107231070817261,0.107193412746707,-2.15670840099178,-2.08181296335319,-2.08181093662456,9
1,-5,,4,50,0.120986105619329,0.114390392534192,0.11435857395652,-2.15670840099178,-2.08181296335319,-2.08181093662456,9
1,-4.95,,4,50,0.127030481535046,0.121993559596954,0.122002678170825,-2.15670840099178,-2.08181296335319,-2.08181093662456,9
1,-4.9,,4,50,0.13304384442975,0.126885164879667,0.126920154046485,-2.15670840099178,-2.08181296335319,-2.08181093662456,9
1,-4.85,,4,50,0.138993999153288,0.126981085822313,0.127011901584719,-2.15670840099178,-2.08181296335319,-2.08181093662456,9
1,-4.8,,4,50,0.144847757030287,0.127077079277985,0.127103715445051,-2.15670840099178,-2.08181296335319,-2.08181093662456,9
1,-4.75,,4,50,0.150571230831047,0.1271731453015,0.127195595675422,-2.15670840099178,-2.08181296335319,-2.08181093662456,9
1,-4.7,,4,50,0.15613015159597,0.127269283947716,0.127287542323809,-2.15670840099178,-2.08181296335319,-2.08181093662456,9
1,-4.65,,4,50,0.161490203425185,0.127365495271536,0.127379555438226,-2.15670840099178,-2.08181296335319,-2.08181093662456,9
1,-4.6,,4,50,0.166617371871933,0.1274617793279,0.127471635066719,-2.15670840099178,-2.08181296335319,-2.08181093662456,9
1,-4.55,,4,50,0.171478301175883,0.127558136171791,0.127563781257369,-2.15670840099178,-2.08181296335319,-2.08181093662456,9
1,-4.5,,4,50,0.176040655252703,0.127652136874007,0.127655994058292,-2.15670840099178,-2.08181296335319,-2.08181093662456,9
1,-4.45,,4,50,0.180273477129178,0.127744488601321,0.127748273517639,-2.15670840099178,-2.08181296335319,-2.08181093662456,9
1,-4.4,,4,50,0.184147541387307,0.127836907141786,0.127840619683596,-2.15670840099178,-2.08181296335319,-2.08181093662456,9
1,-4.35,,4,50,0.187635694161998,0.127929392543739,0.127933032604384,-2.15670840099178,-2.08181296335319,-2.08181093662456,9
1,-4.3,,4,50,0.190713175328633,0.128021944855553,0.128025512328259,-2.15670840099178,-2.08181296335319,-2.08181093662456,9
1,-4.25,,4,50,0.193357917719695,0.128114564125633,0.128118058903509,-2.15670840099178,-2.08181296335319,-2.08181093662456,9
1,-4.2,,4,50,0.195550818521606,0.128207190077272,0.128210672378462,-2.15670840099178,-2.08181296335319,-2.08181093662456,9
1,-4.15,,4,50,0.197275978419096,0.128299880592109,0.128303352801476,-2.15670840099178,-2.08181296335319,-2.08181093662456,9
1,-4.1,,4,50,0.198520904567094,0.128392638119815,0.128396100220947,-2.15670840099178,-2.08181296335319,-2.08181093662456,9
1,-4.05,,4,50,0.199276674069102,0.128485462708838,0.128488914685306,-2.15670840099178,-2.08181296335319,-2.08181093662456,9
1,-4,,4,50,0.199538055313599,0.128578354407661,0.128581796243017,-2.15670840099178,-2.08181296335319,-2.08181093662456,9
1,-3.95,,4,50,0.199303585251765,0.128671313264803,0.12867474494258,-2.15670840099178,-2.08181296335319,-2.08181093662456,9
1,-3.9,,4,50,0.198575601474202,0.128764339328818,0.128767760832532,-2.15670840099178,-2.08181296335319,-2.08181093662456,9
1,-3.85,,4,50,0.197360228744057,0.128857432648295,0.128860843961441,-2.15670840099178,-2.08181296335319,-2.08181093662456,9
1,-3.8,,4,50,0.195667320450624,0.128950593271857,0.128953994377914,-2.15670840099178,-2.08181296335319,-2.08181093662456,9
1,-3.75,,4,50,0.193510356242608,0.129043821248165,0.129047212130591,-2.15670840099178,-2.08181296335319,-2.08181093662456,9
1,-3.7,,4,50,0.190906297865537,0.129137116625911,0.129140497268148,-2.15670840099178,-2.08181296335319,-2.08181093662456,9
1,-3.65,,4,50,0.187875405945641,0.129230479453826,0.129233849839296,-2.15670840099178,-2.08181296335319,-2.08181093662456,9
1,-3.6,,4,50,0.184441021116719,0.129323909780675,0.12932726989278,-2.15670840099178,-2.08181296335319,-2.08181093662456,9
1,-3.55,,4,50,0.180629313462239,0.129417407655257,0.129420757477383,-2.15670840099178,-2.08181296335319,-2.08181093662456,9
1,-3.5,,4,50,0.176469004729673,0.129510973126408,0.12951431264192,-2.15670840099178,-2.08181296335319,-2.08181093662456,9
1,-3.45,,4,50,0.171991068157523,0.129604606242998,0.129607935435245,-2.15670840099178,-2.08181296335319,-2.08181093662456,9
1,-3.4,,4,50,0.167228411030136,0.129698307053933,0.129701625906243,-2.15670840099178,-2.08181296335319,-2.08181093662456,9
1,-3.35,,4,50,0.162215545236291,0.129792075608155,0.129795384103838,-2.15670840099178,-2.08181296335319,-2.08181093662456,9
1,-3.3,,4,50,0.156988251152908,0.12988591195464,0.129889210076987,-2.15670840099178,-2.08181296335319,-2.08181093662456,9
1,-3.25,,4,50,0.151583240106052,0.1299798161424,0.129983103874685,-2.15670840099178,-2.08181296335319,-2.08181093662456,9
1,-3.2,,4,50,0.146037820481474,0.130073788220483,0.130077065545959,-2.15670840099178,-2.08181296335319,-2.08181093662456,9
1,-3.15,,4,50,0.140389572272938,0.130167828237971,0.130171095139873,-2.15670840099178,-2.08181296335319,-2.08181093662456,9
1,-3.1,,4,50,0.134676034477477,0.130261936243984,0.130265192705528,-2.15670840099178,-2.08181296335319,-2.08181093662456,9
1,-3.05,,4,50,0.128934409283705,0.130356112287674,0.130359358292059,-2.15670840099178,-2.08181296335319,-2.08181093662456,9
1,-3,,4,50,0.123201286465541,0.130450356418232,0.130453591948635,-2.15670840099178,-2.08181296335319,-2.08181093662456,9
1,-2.95,,4,50,0.117512390803644,0.130544668684883,0.130547893724465,-2.15670840099178,-2.08181296335319,-2.08181093662456,9
1,-2.9,,4,50,0.111902354726163,0.130639049136888,0.130642263668788,-2.15670840099178,-2.08181296335319,-2.08181093662456,9
1,-2.85,,4,50,0.106404517705294,0.130733497823541,0.130736701830883,-2.15670840099178,-2.08181296335319,-2.08181093662456,9
1,-2.8,,4,50,0.101050753283096,0.130828014794177,0.130831208260062,-2.15670840099178,-2.08181296335319,-2.08181093662456,9
1,-2.75,,4,50,0.0958713239453065,0.130922600098161,0.130925783005675,-2.15670840099178,-2.08181296335319,-2.08181093662456,9
1,-2.7,,4,50,0.090894763431115,0.131017253784898,0.131020426117105,-2.15670840099178,-2.08181296335319,-2.08181093662456,9
1,-2.65,,4,50,0.0861477854747623,0.131111975903825,0.131115137643773,-2.15670840099178,-2.08181296335319,-2.08181093662456,9
1,-2.6,,4,50,0.0816552174347152,0.131206766504419,0.131209917635134,-2.15670840099178,-2.08181296335319,-2.08181093662456,9
1,-2.55,,4,50,0.0774399567898777,0.13130162563619,0.131304766140679,-2.15670840099178,-2.08181296335319,-2.08181093662456,9
1,-2.5,,4,50,0.0735229480797301,0.131396553348683,0.131399683209937,-2.15670840099178,-2.08181296335319,-2.08181093662456,9
1,-2.45,,4,50,0.0699231775443905,0.131491549691481,0.13149466889247,-2.15670840099178,-2.08181296335319,-2.08181093662456,9
1,-2.4,,4,50,0.0666576824871492,0.131586614714202,0.131589723237876,-2.15670840099178,-2.08181296335319,-2.08181093662456,9
1,-2.35,,4,50,0.0637415722395862,0.131681748466499,0.131684846295792,-2.15670840099178,-2.08181296335319,-2.08181093662456,9
1,-2.3,,4,50,0.061188057559244,0.131776950998063,0.131780038115886,-2.15670840099178,-2.08181296335319,-2.08181093662456,9
1,-2.25,,4,50,0.0590084853310895,0.131872222358619,0.131875298747867,-2.15670840099178,-2.08181296335319,-2.08181093662456,9
1,-2.2,,4,50,0.0572123755735628,0.131967562597929,0.131970628241476,-2.15670840099178,-2.08181296335319,-2.08181093662456,9
1,-2.15,,4,50,0.0558074579627941,0.13206297176579,0.132066026646491,-2.15670840099178,-2.08181296335319,-2.08181093662456,9
1,-2.1,,4,50,0.0547997053775519,0.132158449912035,0.132161494012728,-2.15670840099178,-2.08181296335319,-2.08181093662456,9
1,-2.05,,4,50,0.0541933623239994,0.132253997086535,0.132257030390037,-2.15670840099178,-2.08181296335319,-2.08181093662456,9
1,-2,,4,50,0.0539909665131881,0.132349613339195,0.132352635828303,-2.15670840099178,-2.08181296335319,-2.08181093662456,9
1,-1.95,,4,50,0.0541933623239994,0.132445298719957,0.13244831037745,-2.15670840099178,-2.08181296335319,-2.08181093662456,9
1,-1.9,,4,50,0.0547997053775519,0.132541053278798,0.132544054087436,-2.15670840099178,-2.08181296335319,-2.08181093662456,9
1,-1.85,,4,50,0.0558074579627941,0.132636877065734,0.132639867008256,-2.15670840099178,-2.08181296335319,-2.08181093662456,9
1,-1.8,,4,50,0.0572123755735628,0.132732770130812,0.13273574918994,-2.15670840099178,-2.08181296335319,-2.08181093662456,9
1,-1.75,,4,50,0.0590084853310895,0.132828732524121,0.132831700682557,-2.15670840099178,-2.08181296335319,-2.08181093662456,9
1,-1.7,,4,50,0.0611880575592441,0.132924764295783,0.132927721536208,-2.15670840099178,-2.08181296335319,-2.08181093662456,9
1,-1.65,,4,50,0.0637415722395862,0.133020865495956,0.133023811801033,-2.15670840099178,-2.08181296335319,-2.08181093662456,9
1,-1.6,,4,50,0.0666576824871493,0.133117036174835,0.133119971527209,-2.15670840099178,-2.08181296335319,-2.08181093662456,9
1,-1.55,,4,50,0.0699231775443905,0.133213276382652,0.133216200764946,-2.15670840099178,-2.08181296335319,-2.08181093662456,9
1,-1.5,,4,50,0.0735229480797301,0.133309586169675,0.133312499564494,-2.15670840099178,-2.08181296335319,-2.08181093662456,9
1,-1.45,,4,50,0.0774399567898778,0.133405965586206,0.133408867976137,-2.15670840099178,-2.08181296335319,-2.08181093662456,9
1,-1.4,,4,50,0.0816552174347153,0.133502414682588,0.133505306050195,-2.15670840099178,-2.08181296335319,-2.08181093662456,9
1,-1.35,,4,50,0.0861477854747624,0.133598933509196,0.133601813837026,-2.15670840099178,-2.08181296335319,-2.08181093662456,9
1,-1.3,,4,50,0.090894763431115,0.133695522116444,0.133698391387024,-2.15670840099178,-2.08181296335319,-2.08181093662456,9
1,-1.25,,4,50,0.0958713239453065,0.13379218055478,0.133795038750619,-2.15670840099178,-2.08181296335319,-2.08181093662456,9
1,-1.2,,4,50,0.101050753283097,0.133888908874693,0.133891755978277,-2.15670840099178,-2.08181296335319,-2.08181093662456,9
1,-1.15,,4,50,0.106404517705294,0.133985707126703,0.133988543120501,-2.15670840099178,-2.08181296335319,-2.08181093662456,9
1,-1.1,,4,50,0.111902354726163,0.13408257536137,0.134085400227832,-2.15670840099178,-2.08181296335319,-2.08181093662456,9
1,-1.05,,4,50,0.117512390803644,0.13417951362929,0.134182327350845,-2.15670840099178,-2.08181296335319,-2.08181093662456,9
1,-1,,4,50,0.123201286465541,0.134276521981095,0.134279324540152,-2.15670840099178,-2.08181296335319,-2.08181093662456,9
1,-0.949999999999999,,4,50,0.128934409283706,0.134373600467454,0.134376391846403,-2.15670840099178,-2.08181296335319,-2.08181093662456,9
1,-0.9,,4,50,0.134676034477477,0.134470749139072,0.134473529320285,-2.15670840099178,-2.08181296335319,-2.08181093662456,9
1,-0.85,,4,50,0.140389572272938,0.134567968046691,0.134570737012518,-2.15670840099178,-2.08181296335319,-2.08181093662456,9
1,-0.8,,4,50,0.146037820481474,0.134665257241091,0.134668014973864,-2.15670840099178,-2.08181296335319,-2.08181093662456,9
1,-0.75,,4,50,0.151583240106052,0.134762616773087,0.134765363255116,-2.15670840099178,-2.08181296335319,-2.08181093662456,9
1,-0.699999999999999,,4,50,0.156988251152908,0.13486004669353,0.134862781907109,-2.15670840099178,-2.08181296335319,-2.08181093662456,9
1,-0.65,,4,50,0.162215545236291,0.134957547053311,0.134960270980711,-2.15670840099178,-2.08181296335319,-2.08181093662456,9
1,-0.6,,4,50,0.167228411030136,0.135055117903355,0.135057830526828,-2.15670840099178,-2.08181296335319,-2.08181093662456,9
1,-0.55,,4,50,0.171991068157523,0.135152759294624,0.135155460596403,-2.15670840099178,-2.08181296335319,-2.08181093662456,9
1,-0.5,,4,50,0.176469004729673,0.135250471278119,0.135253161240417,-2.15670840099178,-2.08181296335319,-2.08181093662456,9
1,-0.449999999999999,,4,50,0.180629313462239,0.135348253904875,0.135350932509885,-2.15670840099178,-2.08181296335319,-2.08181093662456,9
1,-0.399999999999999,,4,50,0.184441021116719,0.135446107225966,0.135448774455861,-2.15670840099178,-2.08181296335319,-2.08181093662456,9
1,-0.35,,4,50,0.187875405945641,0.135544031292502,0.135546687129435,-2.15670840099178,-2.08181296335319,-2.08181093662456,9
1,-0.3,,4,50,0.190906297865537,0.13564202615563,0.135644670581735,-2.15670840099178,-2.08181296335319,-2.08181093662456,9
1,-0.25,,4,50,0.193510356242608,0.135740091866534,0.135742724863925,-2.15670840099178,-2.08181296335319,-2.08181093662456,9
1,-0.199999999999999,,4,50,0.195667320450624,0.135838228476436,0.135840850027206,-2.15670840099178,-2.08181296335319,-2.08181093662456,9
1,-0.149999999999999,,4,50,0.197360228744057,0.135936424826776,0.135939046122816,-2.15670840099178,-2.08181296335319,-2.08181093662456,9
1,-0.0999999999999996,,4,50,0.198575601474202,0.136034685305817,0.136037313202031,-2.15670840099178,-2.08181296335319,-2.08181093662456,9
1,-0.0499999999999998,,4,50,0.199303585251765,0.136133016811603,0.136135651316163,-2.15670840099178,-2.08181296335319,-2.08181093662456,9
1,0,,4,50,0.199538055313599,0.136231419395474,0.136234060516562,-2.15670840099178,-2.08181296335319,-2.08181093662456,9
1,0.0500000000000007,,4,50,0.199276674069102,0.13632989310881,0.136332540854613,-2.15670840099178,-2.08181296335319,-2.08181093662456,9
1,0.100000000000001,,4,50,0.198520904567094,0.136428438003025,0.136431092381741,-2.15670840099178,-2.08181296335319,-2.08181093662456,9
1,0.15,,4,50,0.197275978419096,0.136527054129571,0.136529715149407,-2.15670840099178,-2.08181296335319,-2.08181093662456,9
1,0.2,,4,50,0.195550818521606,0.136625741539939,0.136628409209108,-2.15670840099178,-2.08181296335319,-2.08181093662456,9
1,0.25,,4,50,0.193357917719695,0.136724500285655,0.136727174612381,-2.15670840099178,-2.08181296335319,-2.08181093662456,9
1,0.300000000000001,,4,50,0.190713175328633,0.136823330418284,0.136826011410797,-2.15670840099178,-2.08181296335319,-2.08181093662456,9
1,0.350000000000001,,4,50,0.187635694161998,0.136922231989427,0.136924919655966,-2.15670840099178,-2.08181296335319,-2.08181093662456,9
1,0.4,,4,50,0.184147541387307,0.137021205050722,0.137023899399536,-2.15670840099178,-2.08181296335319,-2.08181093662456,9
1,0.45,,4,50,0.180273477129177,0.137120249653846,0.13712295069319,-2.15670840099178,-2.08181296335319,-2.08181093662456,9
1,0.5,,4,50,0.176040655252703,0.137219365850512,0.137222073588652,-2.15670840099178,-2.08181296335319,-2.08181093662456,9
1,0.550000000000001,,4,50,0.171478301175883,0.137318553692471,0.137321268137679,-2.15670840099178,-2.08181296335319,-2.08181093662456,9
1,0.600000000000001,,4,50,0.166617371871933,0.137417813231511,0.13742053439207,-2.15670840099178,-2.08181296335319,-2.08181093662456,9
1,0.65,,4,50,0.161490203425185,0.137517144519457,0.137519872403657,-2.15670840099178,-2.08181296335319,-2.08181093662456,9
1,0.7,,4,50,0.15613015159597,0.137616547608173,0.137619282224312,-2.15670840099178,-2.08181296335319,-2.08181093662456,9
1,0.75,,4,50,0.150571230831047,0.13771602254956,0.137718763905945,-2.15670840099178,-2.08181296335319,-2.08181093662456,9
1,0.800000000000001,,4,50,0.144847757030287,0.137815569395555,0.137818317500501,-2.15670840099178,-2.08181296335319,-2.08181093662456,9
1,0.850000000000001,,4,50,0.138993999153288,0.137915188198134,0.137917943059966,-2.15670840099178,-2.08181296335319,-2.08181093662456,9
1,0.9,,4,50,0.13304384442975,0.13801487900931,0.138017640636361,-2.15670840099178,-2.08181296335319,-2.08181093662456,9
1,0.95,,4,50,0.127030481535046,0.138114641881134,0.138117410281745,-2.15670840099178,-2.08181296335319,-2.08181093662456,9
1,1,,4,50,0.120986105619329,0.138214476865695,0.138217252048215,-2.15670840099178,-2.08181296335319,-2.08181093662456,9
1,1.05,,4,50,0.114941648548068,0.138314384015118,0.138317165987905,-2.15670840099178,-2.08181296335319,-2.08181093662456,9
1,1.1,,4,50,0.108926537138033,0.138414363381568,0.138417152152989,-2.15670840099178,-2.08181296335319,-2.08181093662456,9
1,1.15,,4,50,0.102968481570105,0.138514415017245,0.138517210595675,-2.15670840099178,-2.08181296335319,-2.08181093662456,9
1,1.2,,4,50,0.0970932955433736,0.138614538974389,0.138617341368213,-2.15670840099178,-2.08181296335319,-2.08181093662456,9
1,1.25,,4,50,0.0913247491180604,0.138714735305277,0.138717544522886,-2.15670840099178,-2.08181296335319,-2.08181093662456,9
1,1.3,,4,50,0.0856844545913644,0.138815004062223,0.138817820112019,-2.15670840099178,-2.08181296335319,-2.08181093662456,9
1,1.35,,4,50,0.0801917851728869,0.138915345297581,0.138918168187973,-2.15670840099178,-2.08181296335319,-2.08181093662456,9
1,1.4,,4,50,0.0748638256859646,0.13901575906374,0.139018588803146,-2.15670840099178,-2.08181296335319,-2.08181093662456,9
1,1.45,,4,50,0.0697153540277157,0.139116245413129,0.139119082009976,-2.15670840099178,-2.08181296335319,-2.08181093662456,9
1,1.5,,4,50,0.0647588516817461,0.139216804398215,0.139219647860937,-2.15670840099178,-2.08181296335319,-2.08181093662456,9
1,1.55,,4,50,0.0600045411994446,0.1393174360715,0.139320286408542,-2.15670840099178,-2.08181296335319,-2.08181093662456,9
1,1.6,,4,50,0.0554604482528303,0.139418140485527,0.139420997705342,-2.15670840099178,-2.08181296335319,-2.08181093662456,9
1,1.65,,4,50,0.051132485616423,0.139518917692877,0.139521781803926,-2.15670840099178,-2.08181296335319,-2.08181093662456,9
1,1.7,,4,50,0.0470245562582189,0.139619767746166,0.139622638756919,-2.15670840099178,-2.08181296335319,-2.08181093662456,9
1,1.75,,4,50,0.0431386726094718,0.139720690698052,0.139723568616987,-2.15670840099178,-2.08181296335319,-2.08181093662456,9
1,1.8,,4,50,0.0394750890370452,0.139821686601228,0.139824571436832,-2.15670840099178,-2.08181296335319,-2.08181093662456,9
1,1.85,,4,50,0.0360324445566488,0.139922755508427,0.139925647269196,-2.15670840099178,-2.08181296335319,-2.08181093662456,9
1,1.9,,4,50,0.0328079128952201,0.140023897472419,0.140026796166857,-2.15670840099178,-2.08181296335319,-2.08181093662456,9
1,1.95,,4,50,0.0297973571300772,0,0,-2.15670840099178,-2.08181296335319,-2.08181093662456,9
1,2,,4,50,0.0269954862945355,0,0,-2.15670840099178,-2.08181296335319,-2.08181093662456,9
1,2.05,,4,50,0.0243960115373423,0,0,-2.15670840099178,-2.08181296335319,-2.08181093662456,9
1,2.1,,4,50,0.0219917996491557,0,0,-2.15670840099178,-2.08181296335319,-2.08181093662456,9
1,2.15,,4,50,0.0197750220160025,0,0,-2.15670840099178,-2.08181296335319,-2.08181093662456,9
1,2.2,,4,50,0.0177372973200076,0,0,-2.15670840099178,-2.08181296335319,-2.08181093662456,9
1,2.25,,4,50,0.0158698265748346,0,0,-2.15670840099178,-2.08181296335319,-2.08181093662456,9
1,2.3,,4,50,0.0141635193508722,0,0,-2.15670840099178,-2.08181296335319,-2.08181093662456,9
1,2.35,,4,50,0.0126091103075105,0,0,-2.15670840099178,-2.08181296335319,-2.08181093662456,9
1,2.4,,4,50,0.0111972654018285,0,0,-2.15670840099178,-2.08181296335319,-2.08181093662456,9
1,2.45,,4,50,0.00991867738040427,0,0,-2.15670840099178,-2.08181296335319,-2.08181093662456,9
1,2.5,,4,50,0.00876415038026211,0,0,-2.15670840099178,-2.08181296335319,-2.08181093662456,9
1,2.55,,4,50,0.00772467366351848,0,0,-2.15670840099178,-2.08181296335319,-2.08181093662456,9
1,2.6,,4,50,0.00679148468617678,0,0,-2.15670840099178,-2.08181296335319,-2.08181093662456,9
1,2.65,,4,50,0.00595612185358617,0,0,-2.15670840099178,-2.08181296335319,-2.08181093662456,9
1,2.7,,4,50,0.00521046744286792,0,0,-2.15670840099178,-2.08181296335319,-2.08181093662456,9
1,2.75,,4,50,0.00454678127627022,0,0,-2.15670840099178,-2.08181296335319,-2.08181093662456,9
1,2.8,,4,50,0.00395772580964478,0,0,-2.15670840099178,-2.08181296335319,-2.08181093662456,9
1,2.85,,4,50,0.00343638335821288,0,0,-2.15670840099178,-2.08181296335319,-2.08181093662456,9
1,2.9,,4,50,0.00297626621903958,0,0,-2.15670840099178,-2.08181296335319,-2.08181093662456,9
1,2.95,,4,50,0.00257132046800026,0,0,-2.15670840099178,-2.08181296335319,-2.08181093662456,9
1,3,,4,50,0.00221592421053637,0,0,-2.15670840099178,-2.08181296335319,-2.08181093662456,9
